{
	"__comment": "Created by Schmueles for Depixel - https://polyflore.net/projects/depixel",
	"parent": "block/rail_flat",
	"ambientocclusion": false,
	"textures": {
		"particle": "block/activator_rail",
		"activator_rail_on": "block/activator_rail_on"
	},
	"elements": [ 	 
		{
			"from": [ 4, 0, 1 ],
			"to": [ 12, 1, 3 ],
			"faces": {
				"down": { "uv": [ 4, 3, 12, 1 ], "texture": "#activator_rail_on" },
				"up": { "uv": [ 4, 1, 12, 3 ], "texture": "#activator_rail_on" },
				"north": { "uv": [ 4, 1, 12, 2 ], "texture": "#activator_rail_on" },
				"south": { "uv": [ 4, 2, 12, 3 ], "texture": "#activator_rail_on" }
			}
		},
		{
			"from": [ 4, 0, 5 ],
			"to": [ 12, 1, 7 ],
			"faces": {
				"down": { "uv": [ 4, 7, 12, 5 ], "texture": "#activator_rail_on" },
				"up": { "uv": [ 4, 5, 12, 7 ], "texture": "#activator_rail_on" },
				"north": { "uv": [ 4, 5, 12, 6 ], "texture": "#activator_rail_on" },
				"south": { "uv": [ 4, 6, 12, 7 ], "texture": "#activator_rail_on" }
			}
		},
		{
			"from": [ 4, 0, 9 ],
			"to": [ 12, 1, 11 ],
			"faces": {
				"down": { "uv": [ 4, 11, 12, 9 ], "texture": "#activator_rail_on" },
				"up": { "uv": [ 4, 9, 12, 11 ], "texture": "#activator_rail_on" },
				"north": { "uv": [ 4, 9, 12, 10 ], "texture": "#activator_rail_on" },
				"south": { "uv": [ 4, 10, 12, 11 ], "texture": "#activator_rail_on" }
			}
		},
		{
			"from": [ 7, 0, 3 ],
			"to": [ 9, 0.5, 13 ],
			"faces": {
				"down": { "uv": [ 7, 13, 7.5, 12.5 ], "texture": "#activator_rail_on" },
				"up": { "uv": [ 7, 3, 9, 13 ], "texture": "#activator_rail_on" },
				"west": { "uv": [ 7, 12.5, 7.5, 13 ], "texture": "#activator_rail_on" },
				"east": { "uv": [ 7, 12.5, 7.5, 13 ], "texture": "#activator_rail_on" }
			}
		},
		{
			"from": [ 12, 1, 0 ],
			"to": [ 14, 2, 16 ],
			"faces": {
				"down": { "uv": [ 12, 16, 14, 0 ], "texture": "#activator_rail_on" },
				"up": { "uv": [ 12, 0, 14, 16 ], "texture": "#activator_rail_on" },
				"north": { "uv": [ 14, 15, 12, 16 ], "texture": "#activator_rail_on" },
				"south": { "uv": [ 12, 0, 14, 1 ], "texture": "#activator_rail_on" },
				"west": { "uv": [ 2.5, 0, 3.5, 16 ], "texture": "#activator_rail_on", "rotation": 90 },
				"east": { "uv": [ 3.5, 0, 2.5, 16 ], "texture": "#activator_rail_on", "rotation": 270 }
			}
		},
		{
			"from": [ 4, 0, 13 ],
			"to": [ 12, 1, 15 ],
			"faces": {
				"down": { "uv": [ 4, 15, 12, 13 ], "texture": "#activator_rail_on" },
				"up": { "uv": [ 4, 13, 12, 15 ], "texture": "#activator_rail_on" },
				"north": { "uv": [ 4, 13, 12, 14 ], "texture": "#activator_rail_on" },
				"south": { "uv": [ 4, 14, 12, 15 ], "texture": "#activator_rail_on" }
			}
		},
		{
			"from": [ 2, 1, 0 ],
			"to": [ 4, 2, 16 ],
			"faces": {
				"down": { "uv": [ 2, 16, 4, 0 ], "texture": "#activator_rail_on" },
				"up": { "uv": [ 2, 0, 4, 16 ], "texture": "#activator_rail_on" },
				"north": { "uv": [ 4, 0, 2, 1 ], "texture": "#activator_rail_on" },
				"south": { "uv": [ 2, 15, 4, 16 ], "texture": "#activator_rail_on" },
				"west": { "uv": [ 3.5, 0, 2.5, 16 ], "texture": "#activator_rail_on", "rotation": 270 },
				"east": { "uv": [ 2.5, 0, 3.5, 16 ], "texture": "#activator_rail_on", "rotation": 90 }
			}
		},
		{
			"from": [ 1, 0, 1 ],
			"to": [ 4, 1, 3 ],
			"faces": {
				"down": { "uv": [ 6.5, 3, 9.5, 1 ], "texture": "#activator_rail_on" },
				"up": { "uv": [ 1, 1, 4, 3 ], "texture": "#activator_rail_on" },
				"north": { "uv": [ 6, 1, 9, 2 ], "texture": "#activator_rail_on" },
				"south": { "uv": [ 7, 1, 10, 2 ], "texture": "#activator_rail_on" },
				"west": { "uv": [ 1, 3, 2, 1 ], "texture": "#activator_rail_on", "rotation": 90 }
			}
		},
		{
			"from": [ 12, 0, 1 ],
			"to": [ 15, 1, 3 ],
			"faces": {
				"down": { "uv": [ 6.5, 3, 9.5, 1 ], "texture": "#activator_rail_on" },
				"up": { "uv": [ 12, 1, 15, 3 ], "texture": "#activator_rail_on" },
				"north": { "uv": [ 7, 1, 10, 2 ], "texture": "#activator_rail_on" },
				"south": { "uv": [ 6, 1, 9, 2 ], "texture": "#activator_rail_on" },
				"east": { "uv": [ 14, 3, 15, 1 ], "texture": "#activator_rail_on", "rotation": 270 }
			}
		},
		{
			"from": [ 1, 0, 9 ],
			"to": [ 4, 1, 11 ],
			"faces": {
				"down": { "uv": [ 6.5, 11, 9.5, 9 ], "texture": "#activator_rail_on" },
				"up": { "uv": [ 1, 9, 4, 11 ], "texture": "#activator_rail_on" },
				"north": { "uv": [ 6, 9, 9, 10 ], "texture": "#activator_rail_on" },
				"south": { "uv": [ 7, 9, 10, 10 ], "texture": "#activator_rail_on" },
				"west": { "uv": [ 1, 11, 2, 9 ], "texture": "#activator_rail_on", "rotation": 90 }
			}
		},
		{
			"from": [ 1, 0, 5 ],
			"to": [ 4, 1, 7 ],
			"faces": {
				"down": { "uv": [ 6.5, 7, 9.5, 5 ], "texture": "#activator_rail_on" },
				"up": { "uv": [ 1, 5, 4, 7 ], "texture": "#activator_rail_on" },
				"north": { "uv": [ 6, 5, 9, 6 ], "texture": "#activator_rail_on" },
				"south": { "uv": [ 7, 5, 10, 6 ], "texture": "#activator_rail_on" },
				"west": { "uv": [ 1, 7, 2, 5 ], "texture": "#activator_rail_on", "rotation": 90 }
			}
		},
		{
			"from": [ 1, 0, 13 ],
			"to": [ 4, 1, 15 ],
			"faces": {
				"down": { "uv": [ 6.5, 15, 9.5, 13 ], "texture": "#activator_rail_on" },
				"up": { "uv": [ 1, 13, 4, 15 ], "texture": "#activator_rail_on" },
				"north": { "uv": [ 6, 13, 9, 14 ], "texture": "#activator_rail_on" },
				"south": { "uv": [ 7, 13, 10, 14 ], "texture": "#activator_rail_on" },
				"west": { "uv": [ 1, 15, 2, 13 ], "texture": "#activator_rail_on", "rotation": 90 }
			}
		},
		{
			"from": [ 12, 0, 13 ],
			"to": [ 15, 1, 15 ],
			"faces": {
				"down": { "uv": [ 6.5, 15, 9.5, 13 ], "texture": "#activator_rail_on" },
				"up": { "uv": [ 12, 13, 15, 15 ], "texture": "#activator_rail_on" },
				"north": { "uv": [ 7, 13, 10, 14 ], "texture": "#activator_rail_on" },
				"south": { "uv": [ 6, 13, 9, 14 ], "texture": "#activator_rail_on" },
				"east": { "uv": [ 14, 15, 15, 13 ], "texture": "#activator_rail_on", "rotation": 270 }
			}
		},
		{
			"from": [ 12, 0, 9 ],
			"to": [ 15, 1, 11 ],
			"faces": {
				"down": { "uv": [ 6.5, 11, 9.5, 9 ], "texture": "#activator_rail_on" },
				"up": { "uv": [ 12, 9, 15, 11 ], "texture": "#activator_rail_on" },
				"north": { "uv": [ 7, 9, 10, 10 ], "texture": "#activator_rail_on" },
				"south": { "uv": [ 6, 9, 9, 10 ], "texture": "#activator_rail_on" },
				"east": { "uv": [ 14, 11, 15, 9 ], "texture": "#activator_rail_on", "rotation": 270 }
			}
		},
		{
			"from": [ 12, 0, 5 ],
			"to": [ 15, 1, 7 ],
			"faces": {
				"down": { "uv": [ 6.5, 7, 9.5, 5 ], "texture": "#activator_rail_on" },
				"up": { "uv": [ 12, 5, 15, 7 ], "texture": "#activator_rail_on" },
				"north": { "uv": [ 7, 5, 10, 6 ], "texture": "#activator_rail_on" },
				"south": { "uv": [ 6, 5, 9, 6 ], "texture": "#activator_rail_on" },
				"east": { "uv": [ 14, 7, 15, 5 ], "texture": "#activator_rail_on", "rotation": 270 }
			}
		}
	]
}