{
	"__comment": "Created by Schmueles for Depixel - https://polyflore.net/projects/depixel",
	"parent": "block/cube_bottom_top",
	"ambientocclusion": "false",
	"textures": {
		"top": "block/barrel_top_open",
		"bottom": "block/barrel_bottom",
		"side": "block/barrel_side"
	},
	"elements": [ 	 
		{
			"from": [ 1, 1, 1 ],
			"to": [ 15, 15, 15 ],
			"faces": {
				"down": { "uv": [ 1, 1, 15, 15 ], "texture": "#bottom" },
				"up": { "uv": [ 1, 1, 15, 15 ], "texture": "#top" }
			}
		},
		{
			"from": [ 0, 0, 0 ],
			"to": [ 16, 16, 1 ],
			"faces": {
				"down": { "uv": [ 0, 15, 16, 16 ], "texture": "#top", "cullface": "down" },
				"up": { "uv": [ 0, 0, 16, 1 ], "texture": "#top", "cullface": "up" },
				"north": { "uv": [ 0, 0, 16, 16 ], "texture": "#side", "cullface": "north" },
				"south": { "uv": [ 0, 0, 16, 16 ], "texture": "#side" },
				"west": { "uv": [ 0, 0, 1, 16 ], "texture": "#side", "cullface": "west" },
				"east": { "uv": [ 15, 0, 16, 16 ], "texture": "#side", "cullface": "east" }
			}
		},
		{
			"from": [ 0, 0, 15 ],
			"to": [ 16, 16, 16 ],
			"faces": {
				"down": { "uv": [ 0, 0, 16, 1 ], "texture": "#top", "cullface": "down" },
				"up": { "uv": [ 0, 15, 16, 16 ], "texture": "#top", "cullface": "up" },
				"north": { "uv": [ 0, 0, 16, 16 ], "texture": "#side" },
				"south": { "uv": [ 0, 0, 16, 16 ], "texture": "#side", "cullface": "south" },
				"west": { "uv": [ 15, 0, 16, 16 ], "texture": "#side", "cullface": "west" },
				"east": { "uv": [ 0, 0, 1, 16 ], "texture": "#side", "cullface": "east" }
			}
		},
		{
			"from": [ 0, 0, 1 ],
			"to": [ 1, 16, 15 ],
			"faces": {
				"down": { "uv": [ 0, 1, 1, 15 ], "texture": "#top", "cullface": "down" },
				"up": { "uv": [ 0, 1, 1, 15 ], "texture": "#top", "cullface": "up" },
				"west": { "uv": [ 1, 0, 15, 16 ], "texture": "#side", "cullface": "west" },
				"east": { "uv": [ 1, 0, 15, 16 ], "texture": "#side" }
			}
		},
		{
			"from": [ 15, 0, 1 ],
			"to": [ 16, 16, 15 ],
			"faces": {
				"down": { "uv": [ 15, 1, 16, 15 ], "texture": "#top", "cullface": "down" },
				"up": { "uv": [ 15, 1, 16, 15 ], "texture": "#top", "cullface": "up" },
				"west": { "uv": [ 1, 0, 15, 16 ], "texture": "#side" },
				"east": { "uv": [ 1, 0, 15, 16 ], "texture": "#side", "cullface": "east" }
			}
		}
	]
}