{
	"__comment": "Created by Schmueles for Depixel - https://polyflore.net/projects/depixel",
	"textures": {
		"particle": "block/brown_mushroom_model",
		"texture": "block/brown_mushroom_model"
	},
	"elements": [ 	 
		{
			"__comment": "Box1",
			"from": [ 5, 4, 5 ],
			"to": [ 11, 7, 11 ],
			"faces": {
				"down": { "uv": [ 6, 0, 12, 6 ], "texture": "#texture", "rotation": 90 },
				"up": { "uv": [ 0, 0, 6, 6 ], "texture": "#texture", "rotation": 270 },
				"north": { "uv": [ 0, 6, 6, 9 ], "texture": "#texture" },
				"south": { "uv": [ 0, 6, 6, 9 ], "texture": "#texture" },
				"west": { "uv": [ 0, 6, 6, 9 ], "texture": "#texture" },
				"east": { "uv": [ 0, 6, 6, 9 ], "texture": "#texture" }
			}
		},
		{
			"__comment": "Box2",
			"from": [ 7, 0, 7 ],
			"to": [ 9, 4, 9 ],
			"faces": {
				"down": { "uv": [ 2, 11, 4, 13 ], "texture": "#texture", "cullface": "down" },
				"north": { "uv": [ 2, 9, 4, 13 ], "texture": "#texture" },
				"south": { "uv": [ 2, 9, 4, 13 ], "texture": "#texture" },
				"west": { "uv": [ 2, 9, 4, 13 ], "texture": "#texture" },
				"east": { "uv": [ 2, 9, 4, 13 ], "texture": "#texture" }
			}
		}
	]
}