{
	"credit": "Made with Blockbench",
	"texture_size": [43, 43],
	"textures": {
		"0": "block/crimson_fungus_model",
		"particle": "block/crimson_fungus_model"
	},
	"elements": [
		{
			"from": [7, 0, 7],
			"to": [9, 5, 9],
			"rotation": {"angle": 0, "axis": "y", "origin": [15, 8, 16]},
			"faces": {
				"north": {"uv": [9.67442, 0.74419, 8.18605, 4.46512], "texture": "#0"},
				"east": {"uv": [8.18605, 0.74419, 9.67442, 4.46512], "texture": "#0"},
				"south": {"uv": [9.67442, 0.74419, 8.18605, 4.46512], "texture": "#0"},
				"west": {"uv": [8.18605, 0.74419, 9.67442, 4.46512], "texture": "#0"},
				"down": {"uv": [8.18605, 4.83721, 9.67442, 6.32558], "texture": "#0", "cullface": "down"}
			}
		},
		{
			"from": [3, 5, 3],
			"to": [13, 8, 13],
			"rotation": {"angle": 0, "axis": "y", "origin": [16, 13, 15]},
			"faces": {
				"north": {"uv": [0.37209, 8.18605, 7.81395, 10.4186], "texture": "#0"},
				"east": {"uv": [7.81395, 8.18605, 0.37209, 10.4186], "texture": "#0"},
				"south": {"uv": [0.37209, 8.18605, 7.81395, 10.4186], "texture": "#0"},
				"west": {"uv": [7.81395, 8.18605, 0.37209, 10.4186], "texture": "#0"},
				"up": {"uv": [0.37209, 0.37209, 7.81395, 7.81395], "texture": "#0"},
				"down": {"uv": [8.18605, 7.81395, 15.62753, 15.25544], "texture": "#0"}
			}
		},
		{
			"from": [5, 8, 5],
			"to": [11, 12, 11],
			"rotation": {"angle": 0, "axis": "y", "origin": [18, 15, 18]},
			"faces": {
				"north": {"uv": [10.04651, 3.34884, 14.51088, 6.32558], "texture": "#0"},
				"east": {"uv": [10.04651, 0.37209, 14.51126, 3.34884], "texture": "#0"},
				"south": {"uv": [10.04651, 3.34884, 14.51088, 6.32558], "texture": "#0"},
				"west": {"uv": [10.04651, 0.37209, 14.51126, 3.34884], "texture": "#0"},
				"up": {"uv": [0.37209, 10.7907, 4.83684, 15.25544], "texture": "#0"}
			}
		}
	]
}