{
	"__comment": "Created by Schmueles for Depixel - https://polyflore.net/projects/depixel",
	"parent": "block/thin_block",
	"ambientocclusion": false,
	"textures": {
		"particle": "block/daylight_detector_inverted_top",
		"top": "block/daylight_detector_inverted_top",
		"side": "block/daylight_detector_side"
	},
	"elements": [ 	 
		{
			"__comment": "Element",
			"from": [ 1, 0, 1 ],
			"to": [ 15, 5, 15 ],
			"faces": {
				"down": { "uv": [ 1, 15, 15, 1 ], "texture": "#side" },
				"up": { "uv": [ 1, 1, 15, 15 ], "texture": "#top" }
			}
		},
		{
			"__comment": "Element",
			"from": [ 10, 5, 1 ],
			"to": [ 11, 5.5, 15 ],
			"faces": {
				"up": { "uv": [ 10, 1, 11, 15 ], "texture": "#top" },
				"west": { "uv": [ 1, 10.5, 15, 11 ], "texture": "#top" },
				"east": { "uv": [ 1, 10.5, 15, 11 ], "texture": "#top" }
			}
		},
		{
			"__comment": "Element",
			"from": [ 5, 5, 1 ],
			"to": [ 6, 5.5, 15 ],
			"faces": {
				"up": { "uv": [ 5, 1, 6, 15 ], "texture": "#top" },
				"west": { "uv": [ 1, 10.5, 15, 11 ], "texture": "#top" },
				"east": { "uv": [ 1, 10.5, 15, 11 ], "texture": "#top" }
			}
		},
		{
			"__comment": "Element",
			"from": [ 1, 5, 10 ],
			"to": [ 15, 5.5, 11 ],
			"faces": {
				"up": { "uv": [ 1, 10, 15, 11 ], "texture": "#top" },
				"north": { "uv": [ 1, 10.5, 15, 11 ], "texture": "#top" },
				"south": { "uv": [ 1, 10.5, 15, 11 ], "texture": "#top" }
			}
		},
		{
			"__comment": "Element",
			"from": [ 1, 5, 5 ],
			"to": [ 15, 5.5, 6 ],
			"faces": {
				"up": { "uv": [ 1, 5, 15, 6 ], "texture": "#top" },
				"north": { "uv": [ 1, 10.5, 15, 11 ], "texture": "#top" },
				"south": { "uv": [ 1, 10.5, 15, 11 ], "texture": "#top" }
			}
		},
		{
			"__comment": "Element",
			"from": [ 1, 0, 15 ],
			"to": [ 15, 6, 16 ],
			"faces": {
				"down": { "uv": [ 1, 16, 15, 15 ], "texture": "#side" },
				"up": { "uv": [ 1, 15, 15, 16 ], "texture": "#side" },
				"north": { "uv": [ 1, 10, 15, 16 ], "texture": "#side" },
				"south": { "uv": [ 1, 10, 15, 16 ], "texture": "#side" }
			}
		},
		{
			"__comment": "Element",
			"from": [ 1, 0, 0 ],
			"to": [ 15, 6, 1 ],
			"faces": {
				"down": { "uv": [ 1, 1, 15, 0 ], "texture": "#side" },
				"up": { "uv": [ 1, 0, 15, 1 ], "texture": "#side" },
				"north": { "uv": [ 1, 10, 15, 16 ], "texture": "#side" },
				"south": { "uv": [ 1, 10, 15, 16 ], "texture": "#side" }
			}
		},
		{
			"__comment": "Element",
			"from": [ 15, 0, 0 ],
			"to": [ 16, 6, 16 ],
			"faces": {
				"down": { "uv": [ 15, 16, 16, 0 ], "texture": "#side" },
				"up": { "uv": [ 15, 0, 16, 16 ], "texture": "#side" },
				"north": { "uv": [ 0, 10, 1, 16 ], "texture": "#side" },
				"south": { "uv": [ 15, 10, 16, 16 ], "texture": "#side" },
				"west": { "uv": [ 0, 10, 16, 16 ], "texture": "#side" },
				"east": { "uv": [ 0, 10, 16, 16 ], "texture": "#side" }
			}
		},
		{
			"__comment": "Element",
			"from": [ 0, 0, 0 ],
			"to": [ 1, 6, 16 ],
			"faces": {
				"down": { "uv": [ 0, 16, 1, 0 ], "texture": "#side" },
				"up": { "uv": [ 0, 0, 1, 16 ], "texture": "#side" },
				"north": { "uv": [ 15, 10, 16, 16 ], "texture": "#side" },
				"south": { "uv": [ 0, 10, 1, 16 ], "texture": "#side" },
				"west": { "uv": [ 0, 10, 16, 16 ], "texture": "#side" },
				"east": { "uv": [ 0, 10, 16, 16 ], "texture": "#side" }
			}
		}
	]
}