{
	"__comment": "Created by Schmueles for Depixel - https://polyflore.net/projects/depixel",
	"ambientocclusion": false,
	"textures": {
		"particle": "#bottom",
		"bottom": "block/oak_door_bottom"
	},
	"elements": [ 	 
		{
			"__comment": "Element",
			"from": [ 0, 0, 0 ],
			"to": [ 3, 16, 16 ],
			"faces": {
				"down": { "uv": [ 0, 0, 3, 16 ], "texture": "#bottom", "cullface": "down" },
				"north": { "uv": [ 13, 0, 16, 16 ], "texture": "#bottom", "cullface": "north" },
				"south": { "uv": [ 0, 0, 3, 16 ], "texture": "#bottom", "cullface": "south" },
				"west": { "uv": [ 16, 0, 0, 16 ], "texture": "#bottom", "cullface": "west" },
				"east": { "uv": [ 0, 0, 16, 16 ], "texture": "#bottom" }
			}
		}
	]
}