{
	"__comment": "Created by Schmueles for Depixel - https://polyflore.net/projects/depixel",
	"ambientocclusion":"false",
	"textures": {
		"particle": "block/iron_door_top",
		"all": "block/iron_door_top"
	},
	"elements": [ 	 
		{
			"__comment": "BOTTOM",
			"from": [ 0, 0, 0 ],
			"to": [ 3, 4, 16 ],
			"faces": {
				"down": { "uv": [ 0, 0, 3, 16 ], "texture": "#all" },
				"up": { "uv": [ 0, 0, 3, 16 ], "texture": "#all" },
				"north": { "uv": [ 3, 12, 0, 16 ], "texture": "#all" },
				"south": { "uv": [ 0, 12, 3, 16 ], "texture": "#all" },
				"west": { "uv": [ 0, 12, 16, 16 ], "texture": "#all" },
				"east": { "uv": [ 16, 12, 0, 16 ], "texture": "#all" }
			}
		},
		{
			"__comment": "LEFT",
			"from": [ 0, 4, 0 ],
			"to": [ 3, 16, 3 ],
			"faces": {
				"up": { "uv": [ 0, 0, 3, 3 ], "texture": "#all" },
				"north": { "uv": [ 3, 0, 0, 12 ], "texture": "#all" },
				"south": { "uv": [ 0, 0, 3, 12 ], "texture": "#all" },
				"west": { "uv": [ 0, 0, 3, 12 ], "texture": "#all" },
				"east": { "uv": [ 3, 0, 0, 12 ], "texture": "#all" }
			}
		},
		{
			"__comment": "RIGHT",
			"from": [ 0, 4, 13 ],
			"to": [ 3, 16, 16 ],
			"faces": {
				"up": { "uv": [ 0, 13, 3, 16 ], "texture": "#all" },
				"north": { "uv": [ 3, 0, 0, 12 ], "texture": "#all" },
				"south": { "uv": [ 0, 0, 3, 12 ], "texture": "#all" },
				"west": { "uv": [ 13, 0, 16, 12 ], "texture": "#all" },
				"east": { "uv": [ 16, 0, 13, 12 ], "texture": "#all" }
			}
		},
		{
			"__comment": "TOP",
			"from": [ 0, 14, 3 ],
			"to": [ 3, 16, 13 ],
			"faces": {
				"down": { "uv": [ 0, 3, 3, 13 ], "texture": "#all" },
				"up": { "uv": [ 0, 3, 3, 13 ], "texture": "#all" },
				"west": { "uv": [ 3, 0, 13, 2 ], "texture": "#all" },
				"east": { "uv": [ 3, 0, 13, 2 ], "texture": "#all" }
			}
		},
		{
			"__comment": "HORIZONTAL",
			"from": [ 0, 8, 3 ],
			"to": [ 3, 10, 13 ],
			"faces": {
				"down": { "uv": [ 0, 3, 3, 13 ], "texture": "#all" },
				"up": { "uv": [ 0, 3, 3, 13 ], "texture": "#all" },
				"west": { "uv": [ 3, 6, 13, 8 ], "texture": "#all" },
				"east": { "uv": [ 13, 6, 3, 8 ], "texture": "#all" }
			}
		},
		{
			"__comment": "VERTICAL_TOP",
			"from": [ 0, 10, 7 ],
			"to": [ 3, 14, 9 ],
			"faces": {
				"north": { "uv": [ 3, 2, 0, 6 ], "texture": "#all" },
				"south": { "uv": [ 0, 2, 3, 6 ], "texture": "#all" },
				"west": { "uv": [ 7, 2, 9, 6 ], "texture": "#all" },
				"east": { "uv": [ 9, 2, 7, 6 ], "texture": "#all" }
			}
		},
		{
			"__comment": "VERTICAL_TOP",
			"from": [ 0, 4, 7 ],
			"to": [ 3, 8, 9 ],
			"faces": {
				"north": { "uv": [ 3, 8, 0, 12 ], "texture": "#all" },
				"south": { "uv": [ 0, 8, 3, 12 ], "texture": "#all" },
				"west": { "uv": [ 7, 8, 9, 12 ], "texture": "#all" },
				"east": { "uv": [ 9, 8, 7, 12 ], "texture": "#all" }
			}
		}
	]
}