{
	"__comment": "Created by Schmueles for Depixel - https://polyflore.net/projects/depixel",
"ambientocclusion":"false",
"textures":{"particle":"block/ladder","ladder":"block/ladder_model"},
"elements": [ 
{
    "from": [ 1, 13.5, 13 ],
    "to": [ 15, 15, 14.5 ],
    "faces": {
        "down":  { "uv": [ 0, 8.5, 14, 10 ], "texture": "#ladder" },
        "up":    { "uv": [ 14, 8.5, 0, 10 ], "texture": "#ladder" },
        "north": { "uv": [ 0, 8.5, 14, 10 ], "texture": "#ladder" },
        "south": { "uv": [ 0, 8.5, 14, 10 ], "texture": "#ladder" },
        "west":  { "uv": [ 14, 8.5, 15.5, 10 ], "texture": "#ladder" },
        "east":  { "uv": [ 14, 8.5, 15.5, 10 ], "texture": "#ladder" }
    }
},
{
    "from": [ 1, 9.5, 13 ],
    "to": [ 15, 11, 14.5 ],
    "faces": {
        "down":  { "uv": [ 0, 10.5, 14, 12 ], "texture": "#ladder" },
        "up":    { "uv": [ 14, 10.5, 0, 12 ], "texture": "#ladder" },
        "north": { "uv": [ 0, 10.5, 14, 12 ], "texture": "#ladder" },
        "south": { "uv": [ 0, 10.5, 14, 12 ], "texture": "#ladder" },
        "west":  { "uv": [ 14, 10.5, 15.5, 12 ], "texture": "#ladder" },
        "east":  { "uv": [ 14, 10.5, 15.5, 12 ], "texture": "#ladder" }
    }
},
{
    "from": [ 1, 5.5, 13 ],
    "to": [ 15, 7, 14.5 ],
    "faces": {
        "down":  { "uv": [ 0, 12.5, 14, 14 ], "texture": "#ladder" },
        "up":    { "uv": [ 14, 12.5, 0, 14 ], "texture": "#ladder" },
        "north": { "uv": [ 0, 12.5, 14, 14 ], "texture": "#ladder" },
        "south": { "uv": [ 0, 12.5, 14, 14 ], "texture": "#ladder" },
        "west":  { "uv": [ 14, 12.5, 15.5, 14 ], "texture": "#ladder" },
        "east":  { "uv": [ 14, 12.5, 15.5, 14 ], "texture": "#ladder" }
    }
},
{
    "from": [ 1, 1.5, 13 ],
    "to": [ 15, 3, 14.5 ],
    "faces": {
        "down":  { "uv": [ 0, 14.5, 14, 16 ], "texture": "#ladder" },
        "up":    { "uv": [ 14, 14.5, 0, 16 ], "texture": "#ladder" },
        "north": { "uv": [ 0, 14.5, 14, 16 ], "texture": "#ladder" },
        "south": { "uv": [ 0, 14.5, 14, 16 ], "texture": "#ladder" },
        "west":  { "uv": [ 14, 14.5, 15.5, 16 ], "texture": "#ladder" },
        "east":  { "uv": [ 14, 14.5, 15.5, 16 ], "texture": "#ladder" }
    }
},
{
    "from": [ 12.5, 0, 14.5 ],
    "to": [ 14, 16, 16 ],
    "faces": {
        "down":  { "uv": [ 14, 8.5, 15.5, 10 ], "texture": "#ladder", "cullface": "down" },
        "up":    { "uv": [ 14, 8.5, 15.5, 10 ], "texture": "#ladder", "cullface": "up" },
        "north": { "uv": [ 0, 8, 16, 6.5 ], "rotation": 90, "texture": "#ladder" },
        "south": { "uv": [ 0, 4, 16, 2.5 ], "rotation": 90, "texture": "#ladder", "cullface": "south" },
        "west":  { "uv": [ 0, 4, 16, 2.5 ], "rotation": 90, "texture": "#ladder" },
        "east":  { "uv": [ 0, 4, 16, 2.5 ], "rotation": 90, "texture": "#ladder" }
    }
},
{
    "from": [ 2, 0, 14.5 ],
    "to": [ 3.5, 16, 16 ],
    "faces": {
        "down":  { "uv": [ 14, 10.5, 15.5, 12 ], "texture": "#ladder", "cullface": "down" },
        "up":    { "uv": [ 14, 10.5, 15.5, 12 ], "texture": "#ladder", "cullface": "up" },
        "north": { "uv": [ 0, 6, 16, 4.5 ], "rotation": 90, "texture": "#ladder" },
        "south": { "uv": [ 0, 2, 16, 0.5 ], "rotation": 90, "texture": "#ladder", "cullface": "south" },
        "west":  { "uv": [ 0, 2, 16, 0.5 ], "rotation": 90, "texture": "#ladder" },
        "east":  { "uv": [ 0, 2, 16, 0.5 ], "rotation": 90, "texture": "#ladder" }
    }
}
]
}