{
	"__comment": "Created by Schmueles for Depixel - https://polyflore.net/projects/depixel",
	"textures": {
		"rail": "block/powered_rail",
		"particle": "block/powered_rail"
	},
	"elements": [
		{
			"from": [1, 16.26472, 8.92893],
			"to": [15, 18.26472, 9.92893],
			"rotation": {"angle": 45, "axis": "x", "origin": [-2, 9.51472, 8.92893]},
			"faces": {
				"north": {"uv": [1, 13, 15, 15], "rotation": 180, "texture": "#rail"},
				"east": {"uv": [14, 13, 15, 15], "texture": "#rail"},
				"south": {"uv": [1, 15, 15, 13], "texture": "#rail"},
				"west": {"uv": [1, 13, 2, 15], "texture": "#rail"},
				"up": {"uv": [1, 14, 15, 15], "texture": "#rail"},
				"down": {"uv": [15, 13, 1, 14], "rotation": 180, "texture": "#rail"}
			}
		},
		{
			"from": [1, 10.76472, 8.92893],
			"to": [15, 12.76472, 9.92893],
			"rotation": {"angle": 45, "axis": "x", "origin": [-2, 9.51472, 8.92893]},
			"faces": {
				"north": {"uv": [1, 9, 15, 11], "rotation": 180, "texture": "#rail"},
				"east": {"uv": [14, 9, 15, 11], "texture": "#rail"},
				"south": {"uv": [1, 11, 15, 9], "texture": "#rail"},
				"west": {"uv": [1, 9, 2, 11], "texture": "#rail"},
				"up": {"uv": [1, 10, 15, 11], "texture": "#rail"},
				"down": {"uv": [15, 9, 1, 10], "rotation": 180, "texture": "#rail"}
			}
		},
		{
			"from": [1, 5.26472, 8.92893],
			"to": [15, 7.26472, 9.92893],
			"rotation": {"angle": 45, "axis": "x", "origin": [-2, 9.51472, 8.92893]},
			"faces": {
				"north": {"uv": [1, 5, 15, 7], "rotation": 180, "texture": "#rail"},
				"east": {"uv": [14, 5, 15, 7], "texture": "#rail"},
				"south": {"uv": [1, 7, 15, 5], "texture": "#rail"},
				"west": {"uv": [1, 5, 2, 7], "texture": "#rail"},
				"up": {"uv": [1, 6, 15, 7], "texture": "#rail"},
				"down": {"uv": [15, 5, 1, 6], "rotation": 180, "texture": "#rail"}
			}
		},
		{
			"from": [1, -0.23528, 8.92893],
			"to": [15, 1.76472, 9.92893],
			"rotation": {"angle": 45, "axis": "x", "origin": [-2, 9.51472, 8.92893]},
			"faces": {
				"north": {"uv": [1, 1, 15, 3], "rotation": 180, "texture": "#rail"},
				"east": {"uv": [14, 1, 15, 3], "texture": "#rail"},
				"south": {"uv": [1, 3, 15, 1], "texture": "#rail"},
				"west": {"uv": [1, 1, 2, 3], "texture": "#rail"},
				"up": {"uv": [1, 2, 15, 3], "texture": "#rail"},
				"down": {"uv": [15, 1, 1, 2], "rotation": 180, "texture": "#rail"}
			}
		},
		{
			"from": [2, -2.48528, 7.92893],
			"to": [4, 20.51472, 8.92893],
			"rotation": {"angle": 45, "axis": "x", "origin": [-2, 9.51472, 8.92893]},
			"faces": {
				"north": {"uv": [2, 0, 4, 16], "rotation": 180, "texture": "#rail"},
				"east": {"uv": [4, 0, 3, 16], "rotation": 180, "texture": "#rail"},
				"south": {"uv": [2, 16, 4, 0], "texture": "#rail"},
				"west": {"uv": [2, 0, 3, 16], "texture": "#rail"},
				"up": {"uv": [2, 15, 4, 16], "texture": "#rail"},
				"down": {"uv": [4, 0, 2, 1], "rotation": 180, "texture": "#rail"}
			}
		},
		{
			"from": [11, -2.48528, 8.42893],
			"to": [12, 20.51472, 8.92893],
			"rotation": {"angle": 45, "axis": "x", "origin": [-2, 9.51472, 8.92893]},
			"faces": {
				"north": {"uv": [11, 0, 12, 16], "rotation": 180, "texture": "#rail"},
				"east": {"uv": [11.5, 0, 11, 16], "rotation": 180, "texture": "#rail"},
				"south": {"uv": [11, 16, 12, 0], "texture": "#rail"},
				"west": {"uv": [11.5, 0, 12, 16], "texture": "#rail"},
				"up": {"uv": [11, 15.5, 12, 16], "texture": "#rail"},
				"down": {"uv": [12, 0, 11, 0.5], "rotation": 180, "texture": "#rail"}
			}
		},
		{
			"from": [4, -2.48528, 8.42893],
			"to": [5, 20.51472, 8.92893],
			"rotation": {"angle": 45, "axis": "x", "origin": [-2, 9.51472, 8.92893]},
			"faces": {
				"north": {"uv": [4, 0, 5, 16], "rotation": 180, "texture": "#rail"},
				"east": {"uv": [5, 0, 4.5, 16], "rotation": 180, "texture": "#rail"},
				"south": {"uv": [4, 16, 5, 0], "texture": "#rail"},
				"west": {"uv": [4, 0, 4.5, 16], "texture": "#rail"},
				"up": {"uv": [4, 15.5, 5, 16], "texture": "#rail"},
				"down": {"uv": [5, 0, 4, 0.5], "rotation": 180, "texture": "#rail"}
			}
		},
		{
			"from": [12, -2.48528, 7.92893],
			"to": [14, 20.51472, 8.92893],
			"rotation": {"angle": 45, "axis": "x", "origin": [-2, 9.51472, 8.92893]},
			"faces": {
				"north": {"uv": [12, 0, 14, 16], "rotation": 180, "texture": "#rail"},
				"east": {"uv": [13, 0, 12, 16], "rotation": 180, "texture": "#rail"},
				"south": {"uv": [12, 16, 14, 0], "texture": "#rail"},
				"west": {"uv": [13, 0, 14, 16], "texture": "#rail"},
				"up": {"uv": [12, 15, 14, 16], "texture": "#rail"},
				"down": {"uv": [14, 0, 12, 1], "rotation": 180, "texture": "#rail"}
			}
		}
	]
}