{
	"__comment": "Created by Schmueles for Depixel - https://polyflore.net/projects/depixel",
	"parent": "block/cube_custom",
	"textures": {
		"particle": "block/smithing_table_front",
		"front": "block/smithing_table_front",
		"side": "block/smithing_table_side",
		"top": "block/smithing_table_top",
		"bottom": "block/smithing_table_bottom"
	},
	"elements": [ 	 
		{
			"__comment": "Box1",
			"from": [ 0, 0, 14 ],
			"to": [ 2, 12, 16 ],
			"faces": {
				"down": { "uv": [ 0, 0, 2, 2 ], "texture": "#bottom", "cullface": "down" },
				"north": { "uv": [ 14, 4, 16, 16 ], "texture": "#front" },
				"south": { "uv": [ 0, 4, 2, 16 ], "texture": "#front", "cullface": "south" },
				"west": { "uv": [ 14, 4, 16, 16 ], "texture": "#side", "cullface": "west" },
				"east": { "uv": [ 0, 4, 2, 16 ], "texture": "#side" }
			}
		},
		{
			"__comment": "Box10",
			"from": [ 1, 0, 1 ],
			"to": [ 15, 12, 15 ],
			"faces": {
				"down": { "uv": [ 1, 1, 15, 15 ], "texture": "#bottom", "cullface": "down" },
				"north": { "uv": [ 1, 4, 15, 16 ], "texture": "#front" },
				"south": { "uv": [ 1, 4, 15, 16 ], "texture": "#front" },
				"west": { "uv": [ 1, 4, 15, 16 ], "texture": "#side" },
				"east": { "uv": [ 1, 4, 15, 16 ], "texture": "#side" }
			}
		},
		{
			"__comment": "Box1",
			"from": [ 14, 0, 14 ],
			"to": [ 16, 12, 16 ],
			"faces": {
				"down": { "uv": [ 14, 0, 16, 2 ], "texture": "#bottom", "cullface": "down" },
				"north": { "uv": [ 0, 4, 2, 16 ], "texture": "#front" },
				"south": { "uv": [ 14, 4, 16, 16 ], "texture": "#front", "cullface": "south" },
				"west": { "uv": [ 14, 4, 16, 16 ], "texture": "#side" },
				"east": { "uv": [ 0, 4, 2, 16 ], "texture": "#side", "cullface": "east" }
			}
		},
		{
			"__comment": "Box4",
			"from": [ 0, 12, 0 ],
			"to": [ 16, 16, 16 ],
			"faces": {
				"down": { "uv": [ 0, 0, 16, 16 ], "texture": "#top" },
				"up": { "uv": [ 0, 0, 16, 16 ], "texture": "#top", "cullface": "up" },
				"north": { "uv": [ 0, 0, 16, 4 ], "texture": "#front", "cullface": "north" },
				"south": { "uv": [ 0, 0, 16, 4 ], "texture": "#front", "cullface": "south" },
				"west": { "uv": [ 0, 0, 16, 4 ], "texture": "#front", "cullface": "west" },
				"east": { "uv": [ 0, 0, 16, 4 ], "texture": "#front", "cullface": "east" }
			}
		},
		{
			"__comment": "Box1",
			"from": [ 14, 0, 0 ],
			"to": [ 16, 12, 2 ],
			"faces": {
				"down": { "uv": [ 14, 14, 16, 16 ], "texture": "#bottom", "cullface": "down" },
				"north": { "uv": [ 0, 4, 2, 16 ], "texture": "#front", "cullface": "north" },
				"south": { "uv": [ 14, 4, 16, 16 ], "texture": "#front" },
				"west": { "uv": [ 0, 4, 2, 16 ], "texture": "#side" },
				"east": { "uv": [ 14, 4, 16, 16 ], "texture": "#side", "cullface": "east" }
			}
		},
		{
			"__comment": "Box1",
			"from": [ 0, 0, 0 ],
			"to": [ 2, 12, 2 ],
			"faces": {
				"down": { "uv": [ 0, 14, 2, 16 ], "texture": "#bottom", "cullface": "down" },
				"north": { "uv": [ 14, 4, 16, 16 ], "texture": "#front", "cullface": "north" },
				"south": { "uv": [ 0, 4, 2, 16 ], "texture": "#front" },
				"west": { "uv": [ 0, 4, 2, 16 ], "texture": "#side", "cullface": "west" },
				"east": { "uv": [ 14, 4, 16, 16 ], "texture": "#side" }
			}
		},
		{
			"__comment": "Box4",
			"from": [ 0, 0, 2 ],
			"to": [ 16, 1, 14 ],
			"faces": {
				"down": { "uv": [ 0, 2, 16, 14 ], "texture": "#bottom", "cullface": "down" },
				"up": { "uv": [ 0, 2, 16, 14 ], "texture": "#top" },
				"north": { "uv": [ 0, 15, 16, 16 ], "texture": "#front", "cullface": "north" },
				"south": { "uv": [ 0, 15, 16, 16 ], "texture": "#front", "cullface": "south" },
				"west": { "uv": [ 2, 3, 14, 4 ], "texture": "#front", "cullface": "west" },
				"east": { "uv": [ 2, 3, 14, 4 ], "texture": "#front", "cullface": "east" }
			}
		},
		{
			"__comment": "Box4",
			"from": [ 2, 0, 0 ],
			"to": [ 14, 1, 16 ],
			"faces": {
				"down": { "uv": [ 2, 0, 14, 16 ], "texture": "#bottom", "cullface": "down" },
				"up": { "uv": [ 2, 0, 14, 16 ], "texture": "#top" },
				"north": { "uv": [ 2, 3, 14, 4 ], "texture": "#front", "cullface": "north" },
				"south": { "uv": [ 2, 3, 14, 4 ], "texture": "#front", "cullface": "south" },
				"west": { "uv": [ 0, 15, 16, 16 ], "texture": "#front", "cullface": "west" },
				"east": { "uv": [ 0, 15, 16, 16 ], "texture": "#front", "cullface": "east" }
			}
		}
	]
}