{
	"__comment": "Created by Schmueles for Depixel - https://polyflore.net/projects/depixel",
	"parent": "block/block",
	"textures": {
		"particle": "block/smoker_bottom",
		"front": "block/smoker_front",
		"side": "block/smoker_side",
		"top": "block/smoker_top",
		"bottom": "block/smoker_bottom",
		"front_on": "block/smoker_front_on"
	},
	"elements": [ 	 
		{
			"__comment": "Element",
			"from": [ 0, 0, 0 ],
			"to": [ 2, 16, 2 ],
			"faces": {
				"up": { "uv": [ 0, 0, 2, 2 ], "texture": "#top", "cullface": "up" },
				"north": { "uv": [ 14, 0, 16, 16 ], "texture": "#side", "cullface": "north" },
				"south": { "uv": [ 0, 0, 2, 16 ], "texture": "#front" },
				"west": { "uv": [ 0, 0, 2, 16 ], "texture": "#side", "cullface": "west" },
				"east": { "uv": [ 14, 0, 16, 16 ], "texture": "#front" }
			}
		},
		{
			"__comment": "Element",
			"from": [ 0, 0, 14 ],
			"to": [ 2, 16, 16 ],
			"faces": {
				"up": { "uv": [ 0, 14, 2, 16 ], "texture": "#top", "cullface": "up" },
				"north": { "uv": [ 14, 0, 16, 16 ], "texture": "#side" },
				"south": { "uv": [ 0, 0, 2, 16 ], "texture": "#front", "cullface": "south" },
				"west": { "uv": [ 14, 0, 16, 16 ], "texture": "#side", "cullface": "west" },
				"east": { "uv": [ 0, 0, 2, 16 ], "texture": "#front" }
			}
		},
		{
			"__comment": "Element",
			"from": [ 14, 0, 14 ],
			"to": [ 16, 16, 16 ],
			"faces": {
				"up": { "uv": [ 14, 14, 16, 16 ], "texture": "#top", "cullface": "up" },
				"north": { "uv": [ 0, 0, 2, 16 ], "texture": "#side" },
				"south": { "uv": [ 14, 0, 16, 16 ], "texture": "#front", "cullface": "south" },
				"west": { "uv": [ 14, 0, 16, 16 ], "texture": "#side" },
				"east": { "uv": [ 0, 0, 2, 16 ], "texture": "#front", "cullface": "east" }
			}
		},
		{
			"__comment": "Element",
			"from": [ 14, 0, 0 ],
			"to": [ 16, 16, 2 ],
			"faces": {
				"up": { "uv": [ 14, 0, 16, 2 ], "texture": "#top", "cullface": "up" },
				"north": { "uv": [ 0, 0, 2, 16 ], "texture": "#side", "cullface": "north" },
				"south": { "uv": [ 14, 0, 16, 16 ], "texture": "#front" },
				"west": { "uv": [ 0, 0, 2, 16 ], "texture": "#side" },
				"east": { "uv": [ 14, 0, 16, 16 ], "texture": "#front", "cullface": "east" }
			}
		},
		{
			"__comment": "Element",
			"from": [ 0, 0, 0 ],
			"to": [ 16, 1, 16 ],
			"faces": {
				"down": { "uv": [ 0, 0, 16, 16 ], "texture": "#bottom", "cullface": "down" },
				"up": { "uv": [ 0, 0, 16, 16 ], "texture": "#bottom" },
				"north": { "uv": [ 0, 15, 16, 16 ], "texture": "#front", "cullface": "north" },
				"south": { "uv": [ 0, 15, 16, 16 ], "texture": "#side", "cullface": "south" },
				"west": { "uv": [ 0, 15, 16, 16 ], "texture": "#side", "cullface": "west" },
				"east": { "uv": [ 0, 15, 16, 16 ], "texture": "#side", "cullface": "east" }
			}
		},
		{
			"__comment": "Element",
			"from": [ 1, 7, 1 ],
			"to": [ 15, 8, 15 ],
			"faces": {
				"down": { "uv": [ 1, 1, 15, 15 ], "texture": "#bottom" },
				"up": { "uv": [ 1, 1, 15, 15 ], "texture": "#bottom" },
				"north": { "uv": [ 1, 8, 15, 9 ], "texture": "#front" },
				"south": { "uv": [ 1, 8, 15, 9 ], "texture": "#side" },
				"west": { "uv": [ 1, 8, 15, 9 ], "texture": "#side" },
				"east": { "uv": [ 1, 8, 15, 9 ], "texture": "#side" }
			}
		},
		{
			"__comment": "Element",
			"from": [ 1, 12, 1 ],
			"to": [ 15, 16, 15 ],
			"faces": {
				"down": { "uv": [ 1, 1, 15, 15 ], "texture": "#bottom" },
				"up": { "uv": [ 1, 1, 15, 15 ], "texture": "#top", "cullface": "up" },
				"north": { "uv": [ 1, 0, 15, 4 ], "texture": "#front" },
				"south": { "uv": [ 1, 0, 15, 4 ], "texture": "#side" },
				"west": { "uv": [ 1, 0, 15, 4 ], "texture": "#side" },
				"east": { "uv": [ 1, 0, 15, 4 ], "texture": "#side" }
			}
		},
		{
			"__comment": "Element",
			"from": [ 1, 8, 1 ],
			"to": [ 4, 12, 15 ],
			"faces": {
				"north": { "uv": [ 12, 4, 15, 8 ], "texture": "#front" },
				"south": { "uv": [ 1, 4, 4, 8 ], "texture": "#side" },
				"west": { "uv": [ 1, 4, 15, 8 ], "texture": "#side" },
				"east": { "uv": [ 1, 4, 15, 8 ], "texture": "#bottom" }
			}
		},
		{
			"__comment": "Element",
			"from": [ 12, 8, 1 ],
			"to": [ 15, 12, 15 ],
			"faces": {
				"north": { "uv": [ 1, 4, 4, 8 ], "texture": "#front_on" },
				"south": { "uv": [ 12, 4, 15, 8 ], "texture": "#side" },
				"west": { "uv": [ 1, 4, 15, 8 ], "texture": "#bottom" },
				"east": { "uv": [ 1, 4, 15, 8 ], "texture": "#side" }
			}
		},
		{
			"__comment": "Element",
			"from": [ 4, 8, 8 ],
			"to": [ 12, 12, 15 ],
			"faces": {
				"north": { "uv": [ 4, 4, 12, 8 ], "texture": "#side" },
				"south": { "uv": [ 4, 4, 12, 8 ], "texture": "#bottom" }
			}
		},
		{
			"__comment": "Element",
			"from": [ 1, 1, 2 ],
			"to": [ 15, 7, 15 ],
			"faces": {
				"north": { "uv": [ 1, 9, 15, 15 ], "texture": "#front" },
				"south": { "uv": [ 1, 9, 15, 15 ], "texture": "#side" },
				"west": { "uv": [ 2, 9, 15, 15 ], "texture": "#side" },
				"east": { "uv": [ 1, 9, 14, 15 ], "texture": "#side" }
			}
		},
		{
			"__comment": "Element",
			"from": [ 4, 8, 0 ],
			"to": [ 12, 12, 1 ],
			"rotation": { "origin": [ 12, 8, 1 ], "axis": "y", "angle": -22.5 },
			"faces": {
				"down": { "uv": [ 4, 7.5, 12, 8 ], "texture": "#front_on", "cullface": "north" },
				"up": { "uv": [ 4, 4, 12, 4.5 ], "texture": "#front_on", "cullface": "north" },
				"north": { "uv": [ 4, 4, 12, 8 ], "texture": "#front_on", "cullface": "north" },
				"south": { "uv": [ 4, 4, 12, 8 ], "texture": "#front_on", "cullface": "north" },
				"west": { "uv": [ 11.5, 4, 12, 8 ], "texture": "#front_on", "cullface": "north" },
				"east": { "uv": [ 4, 4, 4.5, 8 ], "texture": "#front_on", "cullface": "north" }
			}
		},
		{
			"__comment": "Element",
			"from": [ 2, 13, 15 ],
			"to": [ 14, 16, 16 ],
			"faces": {
				"down": { "uv": [ 2, 2, 14, 3 ], "texture": "#front" },
				"up": { "uv": [ 2, 15, 14, 16 ], "texture": "#top" },
				"south": { "uv": [ 2, 0, 14, 3 ], "texture": "#front", "cullface": "south" }
			}
		},
		{
			"__comment": "Element",
			"from": [ 15, 13, 2 ],
			"to": [ 16, 16, 14 ],
			"faces": {
				"down": { "uv": [ 2, 2, 14, 3 ], "texture": "#front", "rotation": 90 },
				"up": { "uv": [ 15, 2, 16, 14 ], "texture": "#top" },
				"east": { "uv": [ 2, 0, 14, 3 ], "texture": "#front", "cullface": "east" }
			}
		},
		{
			"__comment": "Element",
			"from": [ 2, 13, 0 ],
			"to": [ 14, 16, 1 ],
			"faces": {
				"down": { "uv": [ 2, 2, 14, 3 ], "texture": "#front", "rotation": 180 },
				"up": { "uv": [ 2, 0, 14, 1 ], "texture": "#top" },
				"north": { "uv": [ 2, 0, 14, 3 ], "texture": "#front", "cullface": "north" }
			}
		},
		{
			"__comment": "Element",
			"from": [ 0, 13, 2 ],
			"to": [ 1, 16, 14 ],
			"faces": {
				"down": { "uv": [ 2, 2, 14, 3 ], "texture": "#front", "rotation": 270 },
				"up": { "uv": [ 0, 2, 1, 14 ], "texture": "#top" },
				"west": { "uv": [ 2, 0, 14, 3 ], "texture": "#front", "cullface": "west" }
			}
		}
	]
}