{
	"__comment": "Created by Schmueles for Depixel - https://polyflore.net/projects/depixel",
	"parent": "block/block",
	"textures": {
		"particle": "block/stonecutter_bottom",
		"top": "block/stonecutter_top",
		"side": "block/stonecutter_side",
		"saw": "block/stonecutter_saw",
		"bottom": "block/stonecutter_bottom"
	},
	"elements": [ 	 
		{
			"from": [ 0, 0, 0 ],
			"to": [ 3, 9, 3 ],
			"faces": {
				"up": { "uv": [ 0, 0, 3, 3 ], "texture": "#top" },
				"north": { "uv": [ 13, 7, 16, 16 ], "texture": "#side", "cullface": "north" },
				"south": { "uv": [ 0, 7, 3, 16 ], "texture": "#side" },
				"west": { "uv": [ 0, 7, 3, 16 ], "texture": "#side", "cullface": "west" },
				"east": { "uv": [ 13, 7, 16, 16 ], "texture": "#side" }
			}
		},
		{
			"from": [ 1, 0, 1 ],
			"to": [ 15, 9, 15 ],
			"faces": {
				"up": { "uv": [ 1, 1, 15, 15 ], "texture": "#top" },
				"north": { "uv": [ 1, 7, 15, 16 ], "texture": "#side" },
				"south": { "uv": [ 1, 7, 15, 16 ], "texture": "#side" },
				"west": { "uv": [ 1, 7, 15, 16 ], "texture": "#side" },
				"east": { "uv": [ 1, 7, 15, 16 ], "texture": "#side" }
			}
		},
		{
			"from": [ 0, 0, 13 ],
			"to": [ 3, 9, 16 ],
			"faces": {
				"up": { "uv": [ 0, 13, 3, 16 ], "texture": "#top" },
				"north": { "uv": [ 13, 7, 16, 16 ], "texture": "#side" },
				"south": { "uv": [ 0, 7, 3, 16 ], "texture": "#side", "cullface": "south" },
				"west": { "uv": [ 13, 7, 16, 16 ], "texture": "#side", "cullface": "west" },
				"east": { "uv": [ 0, 7, 3, 16 ], "texture": "#side" }
			}
		},
		{
			"from": [ 13, 0, 13 ],
			"to": [ 16, 9, 16 ],
			"faces": {
				"up": { "uv": [ 13, 13, 16, 16 ], "texture": "#top" },
				"north": { "uv": [ 0, 7, 3, 16 ], "texture": "#side" },
				"south": { "uv": [ 13, 7, 16, 16 ], "texture": "#side", "cullface": "south" },
				"west": { "uv": [ 13, 7, 16, 16 ], "texture": "#side" },
				"east": { "uv": [ 0, 7, 3, 16 ], "texture": "#side", "cullface": "east" }
			}
		},
		{
			"from": [ 13, 0, 0 ],
			"to": [ 16, 9, 3 ],
			"faces": {
				"up": { "uv": [ 13, 0, 16, 3 ], "texture": "#top" },
				"north": { "uv": [ 0, 7, 3, 16 ], "texture": "#side", "cullface": "north" },
				"south": { "uv": [ 13, 7, 16, 16 ], "texture": "#side" },
				"west": { "uv": [ 0, 7, 3, 16 ], "texture": "#side" },
				"east": { "uv": [ 13, 7, 16, 16 ], "texture": "#side", "cullface": "east" }
			}
		},
		{
			"from": [ 0, 5, 8 ],
			"to": [ 16, 21, 8.001 ],
			"faces": {
				"north": { "uv": [ 0, 0, 16, 16 ], "texture": "#saw", "tintindex": 0 },
				"south": { "uv": [ 0, 0, 16, 16 ], "texture": "#saw", "tintindex": 0 }
			}
		},
		{
			"from": [ 0, 5, 3 ],
			"to": [ 1, 7, 13 ],
			"faces": {
				"down": { "uv": [ 3, 10, 13, 11 ], "texture": "#side", "rotation": 270 },
				"up": { "uv": [ 3, 10, 13, 11 ], "texture": "#side", "rotation": 270 },
				"west": { "uv": [ 3, 9, 13, 11 ], "texture": "#side", "cullface": "west" }
			}
		},
		{
			"from": [ 15, 5, 3 ],
			"to": [ 16, 7, 13 ],
			"faces": {
				"down": { "uv": [ 3, 10, 13, 11 ], "texture": "#side", "rotation": 90 },
				"up": { "uv": [ 3, 10, 13, 11 ], "texture": "#side", "rotation": 90 },
				"east": { "uv": [ 3, 9, 13, 11 ], "texture": "#side", "cullface": "east" }
			}
		},
		{
			"from": [ 3, 5, 15 ],
			"to": [ 13, 7, 16 ],
			"faces": {
				"down": { "uv": [ 3, 10, 13, 11 ], "texture": "#side" },
				"up": { "uv": [ 3, 10, 13, 11 ], "texture": "#side", "rotation": 180 },
				"south": { "uv": [ 3, 9, 13, 11 ], "texture": "#side", "cullface": "south" }
			}
		},
		{
			"from": [ 3, 5, 0 ],
			"to": [ 13, 7, 1 ],
			"faces": {
				"down": { "uv": [ 3, 10, 13, 11 ], "texture": "#side" },
				"up": { "uv": [ 3, 10, 13, 11 ], "texture": "#side", "rotation": 180 },
				"north": { "uv": [ 15, 9, 16, 11 ], "texture": "#side", "cullface": "north" }
			}
		},
		{
			"from": [ 0, 0, 0 ],
			"to": [ 16, 1, 16 ],
			"faces": {
				"down": { "uv": [ 0, 0, 16, 16 ], "texture": "#bottom", "cullface": "down" },
				"up": { "uv": [ 0, 0, 16, 16 ], "texture": "#bottom" },
				"north": { "uv": [ 0, 15, 16, 16 ], "texture": "#side", "cullface": "north" },
				"south": { "uv": [ 0, 15, 16, 16 ], "texture": "#side", "cullface": "south" },
				"west": { "uv": [ 0, 15, 16, 16 ], "texture": "#side", "cullface": "west" },
				"east": { "uv": [ 0, 15, 16, 16 ], "texture": "#side", "cullface": "east" }
			}
		}
	]
}