{
	"credit": "Made with Blockbench",
	"texture_size": [48, 48],
	"textures": {
		"0": "block/warped_fungus_model",
		"particle": "block/warped_fungus_model"
	},
	"elements": [
		{
			"from": [7, 0, 7],
			"to": [9, 5, 9],
			"rotation": {"angle": 0, "axis": "y", "origin": [15, 8, 15]},
			"faces": {
				"north": {"uv": [9.333, 0, 10.666, 3.33267], "texture": "#0"},
				"east": {"uv": [10.666, 0, 9.333, 3.33267], "texture": "#0"},
				"south": {"uv": [9.333, 0, 10.666, 3.33267], "texture": "#0"},
				"west": {"uv": [10.666, 0, 9.333, 3.33267], "texture": "#0"},
				"down": {"uv": [9.333, 3.66633, 10.66567, 4.999], "texture": "#0", "cullface": "down"}
			}
		},
		{
			"from": [3, 5, 3],
			"to": [13, 9, 13],
			"rotation": {"angle": 0, "axis": "y", "origin": [20, 13, 15]},
			"faces": {
				"north": {"uv": [0, 6.66667, 6.666, 9.33267], "texture": "#0"},
				"east": {"uv": [0, 6.66667, 6.666, 9.33267], "texture": "#0"},
				"south": {"uv": [0, 6.66667, 6.666, 9.33267], "texture": "#0"},
				"west": {"uv": [0, 6.66667, 6.666, 9.33267], "texture": "#0"},
				"up": {"uv": [0, 0, 6.6665, 6.6665], "texture": "#0"},
				"down": {"uv": [9.333, 9.333, 15.99933, 15.99933], "texture": "#0"}
			}
		}
	]
}