{
	"credit": "Made by Enderscram for Schmueles' Depixel",
	"texture_size": [32, 32],
	"textures": {
		"2": "block/lever/lever_hole",
		"particle": "block/lever/cobblestone",
		"base": "block/lever/cobblestone",
		"lever": "block/lever/lever"
	},
	"elements": [
		{
			"from": [7, 1, 10],
			"to": [9, 3, 12],
			"faces": {
				"north": {"uv": [6.9985, 0, 8.9965, 1.999], "texture": "#2"},
				"south": {"uv": [6.999, 0, 8.998, 1.999], "texture": "#base"},
				"up": {"uv": [7, 10, 8.998, 12], "texture": "#base"}
			}
		},
		{
			"from": [7, 1, 4],
			"to": [9, 3, 6],
			"rotation": {"angle": 0, "axis": "y", "origin": [8, 8, 2]},
			"faces": {
				"north": {"uv": [6.999, 0, 9.4975, 1.999], "texture": "#base"},
				"south": {"uv": [6.999, 0, 8.998, 1.999], "texture": "#2"},
				"up": {"uv": [6.9995, 4, 8.9975, 6], "texture": "#base"}
			}
		},
		{
			"from": [5, 1, 4],
			"to": [7, 3, 12],
			"faces": {
				"north": {"uv": [9, 0, 11, 1.9995], "texture": "#base"},
				"east": {"uv": [4, 2, 12, 3.9995], "texture": "#2"},
				"south": {"uv": [5, 0, 6.9995, 1.9995], "texture": "#base"},
				"west": {"uv": [4, 0, 12, 1.9995], "texture": "#base"},
				"up": {"uv": [5, 4, 7, 12], "texture": "#base"}
			}
		},
		{
			"from": [9, 1, 4],
			"to": [11, 3, 12],
			"rotation": {"angle": 0, "axis": "y", "origin": [12, 8, 8]},
			"faces": {
				"north": {"uv": [5, 0, 6.9995, 1.9995], "texture": "#base"},
				"east": {"uv": [4, 0, 12, 1.9995], "texture": "#base"},
				"south": {"uv": [9, 0, 11, 1.9995], "texture": "#base"},
				"west": {"uv": [4, 2, 12, 3.9995], "texture": "#2"},
				"up": {"uv": [9, 4, 11, 12], "texture": "#base"}
			}
		},
		{
			"from": [7, -3, 7],
			"to": [9, 11, 9],
			"rotation": {"angle": -45, "axis": "x", "origin": [8, 1, 8]},
			"faces": {
				"north": {"uv": [6.9995, 4, 8.999, 15.9995], "texture": "#lever"},
				"east": {"uv": [6.9995, 4, 8.999, 15.9995], "texture": "#lever"},
				"south": {"uv": [6.9995, 4, 8.999, 15.9995], "texture": "#lever"},
				"west": {"uv": [6.9995, 4, 8.999, 15.9995], "texture": "#lever"},
				"up": {"uv": [6.9995, 4, 8.9995, 6], "texture": "#lever"}
			}
		},
		{
			"from": [5, 0, 4],
			"to": [11, 1, 12],
			"rotation": {"angle": 0, "axis": "y", "origin": [13, 8, 12]},
			"faces": {
				"north": {"uv": [5, 2, 10.999, 2.9995], "texture": "#base"},
				"east": {"uv": [4, 2, 12, 2.999], "texture": "#base"},
				"south": {"uv": [5, 2, 10.999, 2.9995], "texture": "#base"},
				"west": {"uv": [4, 2, 12, 2.999], "texture": "#base"},
				"up": {"uv": [5, 4, 10.999, 11.999], "texture": "#2"},
				"down": {"uv": [5, 4, 10.9995, 12], "texture": "#base", "cullface": "down"}
			}
		}
	]
}