{
"__comment":"Made by @enderscram on Twitter for Schmeules's",
    "multipart": [
        {   "apply": { "model": "block/iron_bars/iron_bars_post" }},
        {   "when": { "north": false, "east": false, "south": false, "west": false },
            "apply": { "model": "block/iron_bars/iron_bars_post" }
        },
        {   "when": { "north": true },
            "apply": { "model": "block/iron_bars/iron_bars_nw" }
        },
        {   "when": { "south": true },
            "apply": { "model": "block/iron_bars/iron_bars_es" }
        },    
        {   "when": { "east": true },
            "apply": { "model": "block/iron_bars/iron_bars_es", "y": 270 }
        },
        {   "when": { "west": true },
            "apply": { "model": "block/iron_bars/iron_bars_nw", "y": 270 }
        }
    ]
}
