{
	"credit": "Made with Blockbench",
	"textures": {
		"particle": "block/iron_bars",
		"block": "block/iron_bars"
	},
	"elements": [
		{
			"name": "South",
			"from": [7, 0, 12],
			"to": [9, 16, 14],
			"faces": {
				"north": {"uv": [12.01, 0.01, 13.99, 15.99], "texture": "#block"},
				"east": {"uv": [13.99, 0.01, 12.01, 15.99], "texture": "#block"},
				"south": {"uv": [12.01, 0.01, 13.99, 15.99], "texture": "#block"},
				"west": {"uv": [13.99, 0.01, 12.01, 15.99], "texture": "#block"},
				"up": {"uv": [12.01, 0.01, 13.99, 1.99], "texture": "#block"},
				"down": {"uv": [12.01, 14.01, 13.99, 15.99], "texture": "#block"}
			}
		},
		{
			"name": "South-center",
			"from": [7.5, 2, 9],
			"to": [8.5, 4, 12],
			"faces": {
				"north": {"uv": [12, 7.5, 13, 10], "texture": "#block", "cullface": "north"},
				"east": {"uv": [11.99, 12.01, 9.01, 13.99], "texture": "#block"},
				"south": {"uv": [0, 0, 0, 0], "texture": "#block"},
				"west": {"uv": [9.01, 12.01, 11.99, 13.99], "texture": "#block"},
				"up": {"uv": [9.01, 12.01, 11.99, 12.99], "rotation": 90, "texture": "#block"},
				"down": {"uv": [9.01, 13.01, 11.99, 13.99], "rotation": 270, "texture": "#block"}
			}
		},
		{
			"name": "South-front",
			"from": [7.5, 7, 14],
			"to": [8.5, 9, 16],
			"faces": {
				"north": {"uv": [0, 0, 0, 0], "texture": "#block"},
				"east": {"uv": [15.99, 7.01, 14.01, 8.99], "texture": "#block"},
				"south": {"uv": [15.01, 7.01, 15.99, 8.99], "texture": "#block", "cullface": "south"},
				"west": {"uv": [14.01, 7.01, 15.99, 8.99], "texture": "#block"},
				"up": {"uv": [14.01, 7.01, 15.99, 7.99], "rotation": 90, "texture": "#block"},
				"down": {"uv": [14.01, 8.01, 15.99, 8.99], "rotation": 270, "texture": "#block"}
			}
		}
	]
}