{
	"credit": "Made with Blockbench",
	"textures": {
		"particle": "block/iron_bars",
		"block": "block/iron_bars"
	},
	"elements": [
		{
			"name": "North",
			"from": [7, 0, 2],
			"to": [9, 16, 4],
			"faces": {
				"north": {"uv": [2.01, 0.01, 3.99, 15.99], "texture": "#block"},
				"east": {"uv": [3.99, 0.01, 2.01, 15.99], "texture": "#block"},
				"south": {"uv": [2.01, 0.01, 3.99, 15.99], "texture": "#block"},
				"west": {"uv": [3.99, 0.01, 2.01, 15.99], "texture": "#block"},
				"up": {"uv": [2.01, 0.01, 3.99, 1.99], "texture": "#block"},
				"down": {"uv": [2.01, 14.01, 3.99, 15.99], "texture": "#block"}
			}
		},
		{
			"name": "North-center",
			"from": [7.5, 12, 4],
			"to": [8.5, 14, 7],
			"faces": {
				"north": {"uv": [0, 0, 0, 0], "texture": "#block"},
				"east": {"uv": [6.99, 2.01, 4.01, 3.99], "texture": "#block"},
				"south": {"uv": [12, 8.5, 13, 10.5], "texture": "#block", "cullface": "south"},
				"west": {"uv": [4.01, 2.01, 6.99, 3.99], "texture": "#block"},
				"up": {"uv": [4.01, 2.01, 6.99, 2.99], "rotation": 90, "texture": "#block"},
				"down": {"uv": [4.01, 3.01, 6.99, 3.99], "rotation": 270, "texture": "#block"}
			}
		},
		{
			"name": "North-front",
			"from": [7.5, 7, 0],
			"to": [8.5, 9, 2],
			"faces": {
				"north": {"uv": [0.01, 7.01, 0.99, 8.99], "texture": "#block", "cullface": "north"},
				"east": {"uv": [1.99, 7.01, 0.01, 8.99], "texture": "#block"},
				"west": {"uv": [0.01, 7.01, 1.99, 8.99], "texture": "#block"},
				"up": {"uv": [0.01, 7.01, 1.99, 7.99], "rotation": 90, "texture": "#block"},
				"down": {"uv": [0.01, 8.01, 1.99, 8.99], "rotation": 270, "texture": "#block"}
			}
		}
	],
	"groups": [
		{
			"name": "group",
			"origin": [8, 8, 8],
			"children": [0, 1, 2]
		}
	]
}