{
	"credit": "Made with Blockbench",
	"texture_size": [32, 32],
	"textures": {
		"particle": "block/iron_bars",
		"block": "block/iron_bars"
	},
	"elements": [
		{
			"name": "Center",
			"from": [7, 0, 7],
			"to": [9, 16, 9],
			"faces": {
				"north": {"uv": [7.01, 0.01, 8.99, 15.99], "texture": "#block"},
				"east": {"uv": [8.99, 0.01, 7.01, 15.99], "texture": "#block"},
				"south": {"uv": [7.01, 0.01, 8.99, 15.99], "texture": "#block"},
				"west": {"uv": [8.99, 0.01, 7.01, 15.99], "texture": "#block"},
				"up": {"uv": [7.01, 0.01, 8.99, 1.99], "texture": "#block", "cullface": "up"},
				"down": {"uv": [7.01, 14.01, 8.99, 15.99], "texture": "#block", "cullface": "down"}
			}
		}
	]
}