{
	"credit": "Made by Enderscram for Schmueles' Depixel",
	"texture_size": [32, 32],
	"textures": {
		"4": "block/respawn_anchor/respawn_anchor_inside_4",
		"5": "block/respawn_anchor/respawn_anchor_bottom",
		"6": "block/respawn_anchor/respawn_anchor_side4",
		"9": "block/respawn_anchor/respawn_anchor_top",
		"particle": "block/respawn_anchor/respawn_anchor_side4"
	},
	"elements": [
		{
			"from": [2, 15, 2],
			"to": [14, 15, 14],
			"rotation": {"angle": 0, "axis": "y", "origin": [12, 22, 16]},
			"faces": {
				"up": {"uv": [2, 2, 13.999, 13.999], "texture": "#9", "cullface": "up"},
				"down": {"uv": [2, 2, 13.999, 13.999], "texture": "#9", "cullface": "up"}
			}
		},
		{
			"from": [0, 0, 0],
			"to": [16, 2, 16],
			"faces": {
				"north": {"uv": [0, 14, 15.9995, 15.998], "texture": "#6", "cullface": "north"},
				"east": {"uv": [0, 14, 15.9995, 15.998], "texture": "#6", "cullface": "east"},
				"south": {"uv": [0, 14, 15.9995, 15.998], "texture": "#6", "cullface": "south"},
				"west": {"uv": [0, 14, 15.9995, 15.998], "texture": "#6", "cullface": "west"},
				"up": {"uv": [0, 15.5, 0.4995, 15.999], "texture": "#4", "cullface": "up"},
				"down": {"uv": [0, 0, 15.9995, 15.9995], "texture": "#5", "cullface": "down"}
			}
		},
		{
			"from": [0, 2, 14],
			"to": [16, 16, 16],
			"rotation": {"angle": 0, "axis": "y", "origin": [8, 9, 23]},
			"faces": {
				"north": {"uv": [0, 0, 15.9995, 14], "texture": "#4", "cullface": "up"},
				"east": {"uv": [0, 0, 2, 13.9995], "texture": "#6", "cullface": "east"},
				"south": {"uv": [0, 0, 15.9995, 13.9995], "texture": "#6", "cullface": "south"},
				"west": {"uv": [14, 0, 15.9995, 14], "texture": "#6", "cullface": "west"},
				"up": {"uv": [0, 0, 1.9995, 16], "rotation": 270, "texture": "#9", "cullface": "up"}
			}
		},
		{
			"from": [0, 2, 0],
			"to": [16, 16, 2],
			"rotation": {"angle": 0, "axis": "y", "origin": [8, 9, 9]},
			"faces": {
				"north": {"uv": [0, 0, 15.9995, 13.9995], "texture": "#6", "cullface": "north"},
				"east": {"uv": [14, 0, 15.9995, 13.9995], "texture": "#6", "cullface": "east"},
				"south": {"uv": [0, 0, 15.9995, 14], "texture": "#4", "cullface": "up"},
				"west": {"uv": [0, 0, 2, 13.9995], "texture": "#6", "cullface": "west"},
				"up": {"uv": [14, 0, 15.9995, 16], "rotation": 270, "texture": "#9", "cullface": "up"}
			}
		},
		{
			"from": [0, 2, 2],
			"to": [2, 16, 14],
			"rotation": {"angle": 0, "axis": "y", "origin": [8, 9, 10]},
			"faces": {
				"east": {"uv": [0, 0, 15.9995, 14], "texture": "#4", "cullface": "up"},
				"west": {"uv": [2, 0, 13.999, 13.9995], "texture": "#6", "cullface": "west"},
				"up": {"uv": [2, 14, 13.9985, 15.9995], "rotation": 90, "texture": "#9", "cullface": "up"}
			}
		},
		{
			"from": [14, 2, 2],
			"to": [16, 16, 14],
			"rotation": {"angle": 0, "axis": "y", "origin": [22, 9, 10]},
			"faces": {
				"east": {"uv": [2, 0, 13.999, 13.9995], "texture": "#6", "cullface": "east"},
				"west": {"uv": [0, 0, 15.9995, 13.9995], "texture": "#4", "cullface": "up"},
				"up": {"uv": [2.5, 0, 14.498, 1.9995], "rotation": 90, "texture": "#9", "cullface": "up"}
			}
		}
	],
	"display": {
		"thirdperson_righthand": {
			"rotation": [1, 0, 0],
			"translation": [0, 0.5, -1],
			"scale": [0.40039, 0.40039, 0.40039]
		},
		"thirdperson_lefthand": {
			"rotation": [1, 0, 0],
			"translation": [0, 0.5, -1],
			"scale": [0.40039, 0.40039, 0.40039]
		},
		"firstperson_righthand": {
			"rotation": [1, 0, 0],
			"translation": [0, 0.5, -1],
			"scale": [0.40039, 0.40039, 0.40039]
		},
		"firstperson_lefthand": {
			"rotation": [1, 0, 0],
			"translation": [0, 0.5, -1],
			"scale": [0.40039, 0.40039, 0.40039]
		},
		"ground": {
			"rotation": [1, 0, 0],
			"translation": [0, 0.5, -1],
			"scale": [0.40039, 0.40039, 0.40039]
		},
		"gui": {
			"rotation": [23.75, 44.75, 0],
			"translation": [0.25, -0.5, -1],
			"scale": [0.56836, 0.56836, 0.56836]
		},
		"fixed": {
			"rotation": [1, 0, 0],
			"translation": [0, 0.5, -1],
			"scale": [0.40039, 0.40039, 0.40039]
		}
	}
}